"id","name","category","price","description","image","video","folder","review"
"1","Ocean Kyanite, Orange Kyanite & Green Kyanite","",,"Ocean Kyanite, Orange Kyanite & Green Kyanite 
wrapped in copper

Ocean Kyanite

●Metaphysical Properties●

• Enhances mental stamina 
• Heart chakra connection 
• Strengthens self-expression and communication 
• Deepens one’s connection with nature

Green Kyanite

●Metaphysical Properties●

• Enhances bonds with nature
• Dispels negativity
• Supports heart chakra connection
• Promotes deep dream states 

Orange Kyanite

●Metaphysical Properties●

• Elevates emotional healing 
• Enhances sexuality
• Manifests ingenuity and happiness 
• Increases hopefulness","assets/products/01-ocean-kyanite-orange-kyanite-green-kyanite/image.jpeg","assets/products/01-ocean-kyanite-orange-kyanite-green-kyanite/video.mp4","01-ocean-kyanite-orange-kyanite-green-kyanite","Check category, price, and product text before publishing."
"2","Himalayan Quartz & White Tahitian Pearl","",,"Himalayan Quartz & White Tahitian Pearl 
wrapped in copper

Himalayan Quartz 

●Metaphysical Properties●

• Reconnects us to our spirit guides
• Ideal crystal healer tool
• Enhances intuition 
• Powerful light energy vibration

● These rare Himalayan crystals are sourced from fourth generation miners, gathered at altitudes of 12,000 to 18,000 feet. Holding some of the purest energies among crystals, they’re beautiful in clarity and luster, holding gentle yet powerful energy. Filled with light, they help reveal one’s spiritual purpose by fostering intuitive capabilities, inner peace, and tranquility, replacing negativity with clarity so you may find a deeper connection to your inner self through a meditative state.","assets/products/02-himalayan-quartz-white-tahitian-pearl/image.jpeg","assets/products/02-himalayan-quartz-white-tahitian-pearl/video.mp4","02-himalayan-quartz-white-tahitian-pearl","Check category, price, and product text before publishing."
"3","Ocean Kyanite & Tahitian shell wrapped in stainless steel","",,"Ocean Kyanite & Tahitian shell wrapped in stainless steel 

Ocean Kyanite 

●Metaphysical Properties●

• Enhances mental stamina 
• Heart chakra connection 
• Strengthens self-expression and communication 
• Deepens one’s connection with nature

● These Ocean Kyanites are sourced in Tazania, supporting emotional healing, communication abilities, expressing one’s true self, and letting go of fear and anxiety. They combine the healing energy of Green Kyanite and the self-expression energy of Blue Kyanite, connecting one’s heart to the throat chakra. Green Kyanite is said to connect one to Earth energies, while Ocean Kyanite holds water energies, fostering purification of any blocks to self-expression.","assets/products/03-ocean-kyanite-tahitian-shell-wrapped-in-stainless-steel/image.jpeg","assets/products/03-ocean-kyanite-tahitian-shell-wrapped-in-stainless-steel/video.mp4","03-ocean-kyanite-tahitian-shell-wrapped-in-stainless-steel","Check category, price, and product text before publishing."
"4","Tutu Amethyst & White Tahitian Pearl","",,"Tutu Amethyst & White Tahitian Pearl 
wrapped in copper

Amethyst 

●Metaphysical Properties●
• Known as a healer crystal 
• Helps against addictions 
• Ideal for meditation 
• Enhances creativity 
• Enhances intuition

● Found in the Tutu Cliffs, Mambilla Plateau of Nigeria, the Tutu Amethyst carries sweet energies that are stimulating to the third eye, crown and etheric chakras. These tutu amethysts are highly vibrational compared to other amethysts. Amethyst carry vibrations that align with divine energies and are useful to calm an overactive mind and increase intuition through a meditative state. This crystal holds pure cleansing energy to replace negative energy with a shield of light. It serves as a barrier against low energy, negative surroundings, stress, and protection against unhealthy environments.","assets/products/04-tutu-amethyst-white-tahitian-pearl/image.jpeg","assets/products/04-tutu-amethyst-white-tahitian-pearl/video.mp4","04-tutu-amethyst-white-tahitian-pearl","Check category, price, and product text before publishing."
"5","Himalayan Quartz wrapped in copper","",,"Himalayan Quartz wrapped in copper 

Himalayan Quartz 

●Metaphysical Properties●

• Reconnects us to our spirit guides
• Ideal crystal healer tool
• Enhances intuition 
• Powerful light energy vibration

● These rare Himalayan crystals are sourced from fourth generation miners, gathered at altitudes of 12,000 to 18,000 feet. Holding some of the purest energies among crystals, they’re beautiful in clarity and luster, holding gentle yet powerful energy. Filled with light, they help reveal one’s spiritual purpose by fostering intuitive capabilities, inner peace, and tranquility, replacing negativity with clarity so you may find a deeper connection to your inner self through a meditative state.","assets/products/05-himalayan-quartz-wrapped-in-copper/image.jpeg","assets/products/05-himalayan-quartz-wrapped-in-copper/video.mp4","05-himalayan-quartz-wrapped-in-copper","Check category, price, and product text before publishing."
"6","Starbrary Quartz & White Tahitian Pearl","",,"Starbrary Quartz & White Tahitian Pearl 
wrapped in copper

Starbrary Quartz 

●Metaphysical Properties●

• Galactic knowledge 
• Awakening energy 
• Activation of all chakras 
• Protection of one’s energies 

● These Starbrary Quartz Crystals are found within Corinto, Minas Gerais of Brazil. Starbrary references the natural markings on these crystals that are believed to correlate with a variety of star systems. While working with these crystals through a meditative state, the distinctive markings offer energetic translation that can lead to revelations of ancient and extraterrestrial civilizations.They can be placed within negative environments to provide purification of energies as well as protection. Starbrary crystals are said to have an energy that is extraterrestrial and complex, holding information about the Earth’s evolution and humanity’s future survival. Lightworkers are said to gain the ability to decode and process this data.","assets/products/06-starbrary-quartz-white-tahitian-pearl/image.jpeg","assets/products/06-starbrary-quartz-white-tahitian-pearl/video.mp4","06-starbrary-quartz-white-tahitian-pearl","Check category, price, and product text before publishing."
"7","Tutu Amethyst & Black Pearl","",,"Tutu Amethyst & Black Pearl 
wrapped in stainless steel

Amethyst 

●Metaphysical Properties●
• Known as a healer crystal 
• Helps against addictions 
• Ideal for meditation 
• Enhances creativity 
• Enhances intuition

● Found in the Tutu Cliffs, Mambilla Plateau of Nigeria, the Tutu Amethyst carries sweet energies that are stimulating to the third eye, crown and etheric chakras. These tutu amethysts are highly vibrational compared to other amethysts. Amethyst carry vibrations that align with divine energies and are useful to calm an overactive mind and increase intuition through a meditative state. This crystal holds pure cleansing energy to replace negative energy with a shield of light. It serves as a barrier against low energy, negative surroundings, stress, and protection against unhealthy environments.","assets/products/07-tutu-amethyst-black-pearl/image.jpeg","assets/products/07-tutu-amethyst-black-pearl/video.mp4","07-tutu-amethyst-black-pearl","Check category, price, and product text before publishing."
"8","Starbrary Quartz","",,"Starbrary Quartz 
wrapped in copper

Starbrary Quartz 

●Metaphysical Properties●
• Galactic knowledge 
• Awakening energy 
• Activation of all chakras 
• Protection of one’s energies 

● These Starbrary Quartz Crystals are found within Corinto, Minas Gerais of Brazil. Starbrary references the natural markings on these crystals that are believed to correlate with a variety of star systems. While working with these crystals through a meditative state, the distinctive markings offer energetic translation that can lead to revelations of ancient and extraterrestrial civilizations.They can be placed within negative environments to provide purification of energies as well as protection. Starbrary crystals are said to have an energy that is extraterrestrial and complex, holding information about the Earth’s evolution and humanity’s future survival. Lightworkers are said to gain the ability to decode and process this data.","assets/products/08-starbrary-quartz/image.jpeg","assets/products/08-starbrary-quartz/video.mp4","08-starbrary-quartz","Check category, price, and product text before publishing."
"9","Himalayan Quartz & Tahitian Black Pearl wrapped in stainless steel","",,"Himalayan Quartz & Tahitian Black Pearl wrapped in stainless steel

Himalayan Quartz 

●Metaphysical Properties●

• Reconnects us to our spirit guides
• Ideal crystal healer tool
• Enhances intuition 
• Powerful light energy vibration

● These rare Himalayan crystals are sourced from fourth generation miners, gathered at altitudes of 12,000 to 18,000 feet. Holding some of the purest energies among crystals, they’re beautiful in clarity and luster, holding gentle yet powerful energy. Filled with light, they help reveal one’s spiritual purpose by fostering intuitive capabilities, inner peace, and tranquility, replacing negativity with clarity so you may find a deeper connection to your inner self through a meditative state.","assets/products/09-himalayan-quartz-tahitian-black-pearl-wrapped-in-stainless-steel/image.jpeg","assets/products/09-himalayan-quartz-tahitian-black-pearl-wrapped-in-stainless-steel/video.mp4","09-himalayan-quartz-tahitian-black-pearl-wrapped-in-stainless-steel","Check category, price, and product text before publishing."
"10","Root Amethyst","",,"Root Amethyst 
wrapped in copper

Amethyst 

●Metaphysical Properties●

• Known as a healer crystal 
• Helps against addictions 
• Ideal for meditation 
• Enhances creativity 
• Enhances intuition 

●The Root Amethyst is found within Bahia, Brazil. The reference of “root” for these crystals is due to the root-like body, which are typically marked with natural hydrothermal structures. These crystals are vibrant in purple tones and clarity, oten showing pyramidal phantom integrations within the main facet of the crystal and carry an amiable energy that is high in vibration and provides stimulation that focuses on the third eye as well as the etheric and crown chakras.","assets/products/10-root-amethyst/image.jpeg","assets/products/10-root-amethyst/video.mp4","10-root-amethyst","Check category, price, and product text before publishing."
"11","Tutu Amethyst wrapped in copper","",,"Tutu Amethyst wrapped in copper 

Amethyst 

●Metaphysical Properties●
• Known as a healer crystal 
• Helps against addictions 
• Ideal for meditation 
• Enhances creativity 
• Enhances intuition

● Found in the Tutu Cliffs, Mambilla Plateau of Nigeria, the Tutu Amethyst carries sweet energies that are stimulating to the third eye, crown and etheric chakras. These tutu amethysts are highly vibrational compared to other amethysts. Amethyst carry vibrations that align with divine energies and are useful to calm an overactive mind and increase intuition through a meditative state. This crystal holds pure cleansing energy to replace negative energy with a shield of light. It serves as a barrier against low energy, negative surroundings, stress, and protection against unhealthy environments.","assets/products/11-tutu-amethyst-wrapped-in-copper/image.jpeg","assets/products/11-tutu-amethyst-wrapped-in-copper/video.mp4","11-tutu-amethyst-wrapped-in-copper","Check category, price, and product text before publishing."
"12","Ocean Kyanite","",,"Ocean Kyanite 
wrapped in copper

Ocean Kyanite 

●Metaphysical Properties●
• Enhances mental stamina 
• Heart chakra connection 
• Strengthens self-expression and communication 
• Deepens one’s connection with nature

● These Ocean Kyanites are sourced in Tazania, supporting emotional healing, communication abilities, expressing one’s true self, and letting go of fear and anxiety. They combine the healing energy of Green Kyanite and the self-expression energy of Blue Kyanite, connecting one’s heart to the throat chakra. Green Kyanite is said to connect one to Earth energies, while Ocean Kyanite holds water energies, fostering purification of any blocks to self-expression.","assets/products/12-ocean-kyanite/image.jpeg","assets/products/12-ocean-kyanite/video.mp4","12-ocean-kyanite","Check category, price, and product text before publishing."
"13","ROYAL LAZULI","",,"ROYAL LAZULI

Lapis Lazuli

●Metaphysical Properties●

• Promotes artistic creativity
• Manifests loving kindness
• Protects one from negativity 
• Boosts insight, harmony & fortitude","assets/products/13-royal-lazuli/image.jpeg","assets/products/13-royal-lazuli/video.mp4","13-royal-lazuli","Check category, price, and product text before publishing."
"14","AMBER FOREST","",,"AMBER FOREST

Tiger’s Eye

●Metaphysical Properties●

• Promotes internal centering
• Manifests wisdom and courage
• Enhances perceptiveness 
• Increases calmness and confidence","assets/products/14-amber-forest/image.jpeg","assets/products/14-amber-forest/video.mp4","14-amber-forest","Check category, price, and product text before publishing."
"15","AMAZONIAN MICA","",,"AMAZONIAN MICA

Green Mica

●Metaphysical Properties●

• Heart chakra connection
• Encourages empathy & compassion
• Promotes self-reflection 
• Fosters a deep connection to nature","assets/products/15-amazonian-mica/image.jpeg","assets/products/15-amazonian-mica/video.mp4","15-amazonian-mica","Check category, price, and product text before publishing."
"16","VOLCANIC AGATE","",,"VOLCANIC AGATE

Agate

●Metaphysical Properties●

• Ideal for stabilizing nature connection
• Sharpens awareness & mental clarity
• Harmonizes holistic alignment
• Ignites creative vision 
• Quiets a busy mind","assets/products/16-volcanic-agate/image.jpeg","assets/products/16-volcanic-agate/video.mp4","16-volcanic-agate","Check category, price, and product text before publishing."
"17","ETHERIC AMETHYST","",,"ETHERIC AMETHYST

Amethyst 

●Metaphysical Properties●

• Known as a healer crystal 
• Helps against addictions 
• Ideal for meditation 
• Enhances creativity 
• Enhances intuition","assets/products/17-etheric-amethyst/image.jpeg","assets/products/17-etheric-amethyst/video.mp4","17-etheric-amethyst","Check category, price, and product text before publishing."
"18","CELESTIAL LAGOON","",,"CELESTIAL LAGOON

Blue Apatite

●Metaphysical Properties●

• Enriches mindfulness & inner peace
• Bridges multi-dimensional awareness
• Awakens intuitiveness & cosmic resonance
• Broadens insights & objectivity","assets/products/18-celestial-lagoon/image.jpeg","assets/products/18-celestial-lagoon/video.mp4","18-celestial-lagoon","Check category, price, and product text before publishing."
"19","INCA SKY","",,"INCA SKY

Peruvian Turquoise

●Metaphysical Properties●

• Enhances honest self-expression

• Soothes emotional tension & promotes calm

• Shields against negative external energies

• Harmonizes heart & mind connection","assets/products/19-inca-sky/image.jpeg","assets/products/19-inca-sky/video.mp4","19-inca-sky","Check category, price, and product text before publishing."
"20","Rhodonite & Tahitian shell wrapped in stainless steel","",,"Rhodonite & Tahitian shell wrapped in stainless steel

Rhodonite


●Metaphysical Properties●

• Opens the heart to self-love

• Calms emotional turmoil, restores inner peace

• Encourages forgiveness / release of resentment

• Balances heart & root chakra energies

this one goes with the pendants . thank you bro !","assets/products/20-rhodonite-tahitian-shell-wrapped-in-stainless-steel/image.jpeg","assets/products/20-rhodonite-tahitian-shell-wrapped-in-stainless-steel/video.mp4","20-rhodonite-tahitian-shell-wrapped-in-stainless-steel","Check category, price, and product text before publishing."
